index,mechanical_id,bank,adc_channel,force_pin1_to,force_pin2_to,force_pin3_to
0,FORCE-BOARD-01,0,0,ADC0.J2.1,ADC0.J2.2,ADC0.J2.3
1,FORCE-BOARD-02,0,1,ADC0.J2.4,ADC0.J2.5,ADC0.J2.6
2,FORCE-BOARD-03,0,2,ADC0.J2.7,ADC0.J2.8,ADC0.J2.9
3,FORCE-BOARD-04,0,3,ADC0.J2.10,ADC0.J2.11,ADC0.J2.12
4,FORCE-BOARD-05,0,4,ADC0.J2.13,ADC0.J2.14,ADC0.J2.15
5,FORCE-BOARD-06,0,5,ADC0.J2.16,ADC0.J2.17,ADC0.J2.18
6,FORCE-BOARD-07,0,6,ADC0.J2.19,ADC0.J2.20,ADC0.J2.21
7,FORCE-BOARD-08,0,7,ADC0.J2.22,ADC0.J2.23,ADC0.J2.24
8,FORCE-BOARD-09,1,0,ADC1.J2.1,ADC1.J2.2,ADC1.J2.3
9,FORCE-BOARD-10,1,1,ADC1.J2.4,ADC1.J2.5,ADC1.J2.6
10,FORCE-BOARD-11,1,2,ADC1.J2.7,ADC1.J2.8,ADC1.J2.9
11,FORCE-BOARD-12,1,3,ADC1.J2.10,ADC1.J2.11,ADC1.J2.12
12,FORCE-BOARD-13,1,4,ADC1.J2.13,ADC1.J2.14,ADC1.J2.15
13,FORCE-BOARD-14,1,5,ADC1.J2.16,ADC1.J2.17,ADC1.J2.18
14,FORCE-BOARD-15,1,6,ADC1.J2.19,ADC1.J2.20,ADC1.J2.21
15,FORCE-BOARD-16,1,7,ADC1.J2.22,ADC1.J2.23,ADC1.J2.24
16,FORCE-BOARD-17,2,0,ADC2.J2.1,ADC2.J2.2,ADC2.J2.3
17,FORCE-BOARD-18,2,1,ADC2.J2.4,ADC2.J2.5,ADC2.J2.6
18,FORCE-BOARD-19,2,2,ADC2.J2.7,ADC2.J2.8,ADC2.J2.9
19,FORCE-BOARD-20,2,3,ADC2.J2.10,ADC2.J2.11,ADC2.J2.12
20,FORCE-BOARD-21,2,4,ADC2.J2.13,ADC2.J2.14,ADC2.J2.15
21,FORCE-BOARD-22,2,5,ADC2.J2.16,ADC2.J2.17,ADC2.J2.18
22,FORCE-BOARD-23,2,6,ADC2.J2.19,ADC2.J2.20,ADC2.J2.21
23,FORCE-BOARD-24,2,7,ADC2.J2.22,ADC2.J2.23,ADC2.J2.24
24,FORCE-BOARD-25,3,0,ADC3.J2.1,ADC3.J2.2,ADC3.J2.3
25,FORCE-BOARD-26,3,1,ADC3.J2.4,ADC3.J2.5,ADC3.J2.6
26,FORCE-BOARD-27,3,2,ADC3.J2.7,ADC3.J2.8,ADC3.J2.9
27,FORCE-BOARD-28,3,3,ADC3.J2.10,ADC3.J2.11,ADC3.J2.12
28,FORCE-BOARD-29,3,4,ADC3.J2.13,ADC3.J2.14,ADC3.J2.15
29,FORCE-BOARD-30,3,5,ADC3.J2.16,ADC3.J2.17,ADC3.J2.18
30,FORCE-BOARD-31,3,6,ADC3.J2.19,ADC3.J2.20,ADC3.J2.21
