reference,value,footprint,quantity_per_board
U1,Raspberry_Pi_Pico_USB_powered,PICO40,1
J1,EXTERNAL_3V3_FUSED_1A,H2,1
U2,SN74LVC244APWR,TSSOP20,1
U3,SN74LVC244APWR,TSSOP20,1
U4,SN74LVC125AD_IOFF,SOIC14,1
C1,100n X7R,C0603,1
C2,100n X7R,C0603,1
C3,100n X7R,C0603,1
C4,10u X7R 6.3V,C0603,1
J2,ENCODER_BANK_0,H6,1
J3,ENCODER_BANK_1,H6,1
J4,ENCODER_BANK_2,H6,1
J5,ENCODER_BANK_3,H6,1
J6,ADXL355_MODULE,H7,1
J7,ODOMETER_3V3_ONLY,H4,1
J8,ADC_BANK_FANOUT,H10,1
J9,INTERLOCK_GND_LIFT_PG_REMOTE_PULLUP,H4,1
R1,10k default-CS-high,R0603,1
R2,10k default-CS-high,R0603,1
R3,10k default-CS-high,R0603,1
R4,10k default-CS-high,R0603,1
R5,10k default-CS-high,R0603,1
R6,10k default-CS-high,R0603,1
R7,10k default-CS-high,R0603,1
R8,10k default-CS-high,R0603,1
Q1,MMBT3904,SOT23,1
R9,10k,R0603,1
R10,100k,R0603,1
R11,10k,R0603,1
R12,100k wire-open-low,R0603,1
R13,100k,R0603,1
R14,100k,R0603,1
R15,47R source termination,R0603,1
R16,47R source termination,R0603,1
R17,47R source termination,R0603,1
R18,47R source termination,R0603,1
