channel,bank,sensor_pin,signal,connect_to
0,0,1,3V3,carrier.J2.1
0,0,2,GND,carrier.J2.2
0,0,3,CS,carrier.J2.3
0,0,4,SCK,carrier.J2.4
0,0,5,DIN,carrier.J2.5
0,0,6,DOUT,encoder01.J1.5
1,0,1,3V3,carrier.J2.1
1,0,2,GND,carrier.J2.2
1,0,3,CS,carrier.J2.3
1,0,4,SCK,carrier.J2.4
1,0,5,DIN,encoder00.J1.6
1,0,6,DOUT,encoder02.J1.5
2,0,1,3V3,carrier.J2.1
2,0,2,GND,carrier.J2.2
2,0,3,CS,carrier.J2.3
2,0,4,SCK,carrier.J2.4
2,0,5,DIN,encoder01.J1.6
2,0,6,DOUT,encoder03.J1.5
3,0,1,3V3,carrier.J2.1
3,0,2,GND,carrier.J2.2
3,0,3,CS,carrier.J2.3
3,0,4,SCK,carrier.J2.4
3,0,5,DIN,encoder02.J1.6
3,0,6,DOUT,encoder04.J1.5
4,0,1,3V3,carrier.J2.1
4,0,2,GND,carrier.J2.2
4,0,3,CS,carrier.J2.3
4,0,4,SCK,carrier.J2.4
4,0,5,DIN,encoder03.J1.6
4,0,6,DOUT,encoder05.J1.5
5,0,1,3V3,carrier.J2.1
5,0,2,GND,carrier.J2.2
5,0,3,CS,carrier.J2.3
5,0,4,SCK,carrier.J2.4
5,0,5,DIN,encoder04.J1.6
5,0,6,DOUT,encoder06.J1.5
6,0,1,3V3,carrier.J2.1
6,0,2,GND,carrier.J2.2
6,0,3,CS,carrier.J2.3
6,0,4,SCK,carrier.J2.4
6,0,5,DIN,encoder05.J1.6
6,0,6,DOUT,encoder07.J1.5
7,0,1,3V3,carrier.J2.1
7,0,2,GND,carrier.J2.2
7,0,3,CS,carrier.J2.3
7,0,4,SCK,carrier.J2.4
7,0,5,DIN,encoder06.J1.6
7,0,6,DOUT,carrier.J2.6
8,1,1,3V3,carrier.J3.1
8,1,2,GND,carrier.J3.2
8,1,3,CS,carrier.J3.3
8,1,4,SCK,carrier.J3.4
8,1,5,DIN,carrier.J3.5
8,1,6,DOUT,encoder09.J1.5
9,1,1,3V3,carrier.J3.1
9,1,2,GND,carrier.J3.2
9,1,3,CS,carrier.J3.3
9,1,4,SCK,carrier.J3.4
9,1,5,DIN,encoder08.J1.6
9,1,6,DOUT,encoder10.J1.5
10,1,1,3V3,carrier.J3.1
10,1,2,GND,carrier.J3.2
10,1,3,CS,carrier.J3.3
10,1,4,SCK,carrier.J3.4
10,1,5,DIN,encoder09.J1.6
10,1,6,DOUT,encoder11.J1.5
11,1,1,3V3,carrier.J3.1
11,1,2,GND,carrier.J3.2
11,1,3,CS,carrier.J3.3
11,1,4,SCK,carrier.J3.4
11,1,5,DIN,encoder10.J1.6
11,1,6,DOUT,encoder12.J1.5
12,1,1,3V3,carrier.J3.1
12,1,2,GND,carrier.J3.2
12,1,3,CS,carrier.J3.3
12,1,4,SCK,carrier.J3.4
12,1,5,DIN,encoder11.J1.6
12,1,6,DOUT,encoder13.J1.5
13,1,1,3V3,carrier.J3.1
13,1,2,GND,carrier.J3.2
13,1,3,CS,carrier.J3.3
13,1,4,SCK,carrier.J3.4
13,1,5,DIN,encoder12.J1.6
13,1,6,DOUT,encoder14.J1.5
14,1,1,3V3,carrier.J3.1
14,1,2,GND,carrier.J3.2
14,1,3,CS,carrier.J3.3
14,1,4,SCK,carrier.J3.4
14,1,5,DIN,encoder13.J1.6
14,1,6,DOUT,encoder15.J1.5
15,1,1,3V3,carrier.J3.1
15,1,2,GND,carrier.J3.2
15,1,3,CS,carrier.J3.3
15,1,4,SCK,carrier.J3.4
15,1,5,DIN,encoder14.J1.6
15,1,6,DOUT,carrier.J3.6
16,2,1,3V3,carrier.J4.1
16,2,2,GND,carrier.J4.2
16,2,3,CS,carrier.J4.3
16,2,4,SCK,carrier.J4.4
16,2,5,DIN,carrier.J4.5
16,2,6,DOUT,encoder17.J1.5
17,2,1,3V3,carrier.J4.1
17,2,2,GND,carrier.J4.2
17,2,3,CS,carrier.J4.3
17,2,4,SCK,carrier.J4.4
17,2,5,DIN,encoder16.J1.6
17,2,6,DOUT,encoder18.J1.5
18,2,1,3V3,carrier.J4.1
18,2,2,GND,carrier.J4.2
18,2,3,CS,carrier.J4.3
18,2,4,SCK,carrier.J4.4
18,2,5,DIN,encoder17.J1.6
18,2,6,DOUT,encoder19.J1.5
19,2,1,3V3,carrier.J4.1
19,2,2,GND,carrier.J4.2
19,2,3,CS,carrier.J4.3
19,2,4,SCK,carrier.J4.4
19,2,5,DIN,encoder18.J1.6
19,2,6,DOUT,encoder20.J1.5
20,2,1,3V3,carrier.J4.1
20,2,2,GND,carrier.J4.2
20,2,3,CS,carrier.J4.3
20,2,4,SCK,carrier.J4.4
20,2,5,DIN,encoder19.J1.6
20,2,6,DOUT,encoder21.J1.5
21,2,1,3V3,carrier.J4.1
21,2,2,GND,carrier.J4.2
21,2,3,CS,carrier.J4.3
21,2,4,SCK,carrier.J4.4
21,2,5,DIN,encoder20.J1.6
21,2,6,DOUT,encoder22.J1.5
22,2,1,3V3,carrier.J4.1
22,2,2,GND,carrier.J4.2
22,2,3,CS,carrier.J4.3
22,2,4,SCK,carrier.J4.4
22,2,5,DIN,encoder21.J1.6
22,2,6,DOUT,encoder23.J1.5
23,2,1,3V3,carrier.J4.1
23,2,2,GND,carrier.J4.2
23,2,3,CS,carrier.J4.3
23,2,4,SCK,carrier.J4.4
23,2,5,DIN,encoder22.J1.6
23,2,6,DOUT,carrier.J4.6
24,3,1,3V3,carrier.J5.1
24,3,2,GND,carrier.J5.2
24,3,3,CS,carrier.J5.3
24,3,4,SCK,carrier.J5.4
24,3,5,DIN,carrier.J5.5
24,3,6,DOUT,encoder25.J1.5
25,3,1,3V3,carrier.J5.1
25,3,2,GND,carrier.J5.2
25,3,3,CS,carrier.J5.3
25,3,4,SCK,carrier.J5.4
25,3,5,DIN,encoder24.J1.6
25,3,6,DOUT,encoder26.J1.5
26,3,1,3V3,carrier.J5.1
26,3,2,GND,carrier.J5.2
26,3,3,CS,carrier.J5.3
26,3,4,SCK,carrier.J5.4
26,3,5,DIN,encoder25.J1.6
26,3,6,DOUT,encoder27.J1.5
27,3,1,3V3,carrier.J5.1
27,3,2,GND,carrier.J5.2
27,3,3,CS,carrier.J5.3
27,3,4,SCK,carrier.J5.4
27,3,5,DIN,encoder26.J1.6
27,3,6,DOUT,encoder28.J1.5
28,3,1,3V3,carrier.J5.1
28,3,2,GND,carrier.J5.2
28,3,3,CS,carrier.J5.3
28,3,4,SCK,carrier.J5.4
28,3,5,DIN,encoder27.J1.6
28,3,6,DOUT,encoder29.J1.5
29,3,1,3V3,carrier.J5.1
29,3,2,GND,carrier.J5.2
29,3,3,CS,carrier.J5.3
29,3,4,SCK,carrier.J5.4
29,3,5,DIN,encoder28.J1.6
29,3,6,DOUT,encoder30.J1.5
30,3,1,3V3,carrier.J5.1
30,3,2,GND,carrier.J5.2
30,3,3,CS,carrier.J5.3
30,3,4,SCK,carrier.J5.4
30,3,5,DIN,encoder29.J1.6
30,3,6,DOUT,carrier.J5.6
