java_index,cad_suffix,encoder_label,Y_mm,bank,slot,bank_size,carrier_connector,CS_gpio,CS_physical_pin,r2_adc_bank,r2_adc_channel,r2_adc_J2_OUT_pin
0,01,encoder00,-375,0,0,8,J2,5,7,0,0,3
1,02,encoder01,-350,0,1,8,J2,5,7,0,1,6
2,03,encoder02,-325,0,2,8,J2,5,7,0,2,9
3,04,encoder03,-300,0,3,8,J2,5,7,0,3,12
4,05,encoder04,-275,0,4,8,J2,5,7,0,4,15
5,06,encoder05,-250,0,5,8,J2,5,7,0,5,18
6,07,encoder06,-225,0,6,8,J2,5,7,0,6,21
7,08,encoder07,-200,0,7,8,J2,5,7,0,7,24
8,09,encoder08,-175,1,0,8,J3,6,9,1,0,3
9,10,encoder09,-150,1,1,8,J3,6,9,1,1,6
10,11,encoder10,-125,1,2,8,J3,6,9,1,2,9
11,12,encoder11,-100,1,3,8,J3,6,9,1,3,12
12,13,encoder12,-75,1,4,8,J3,6,9,1,4,15
13,14,encoder13,-50,1,5,8,J3,6,9,1,5,18
14,15,encoder14,-25,1,6,8,J3,6,9,1,6,21
15,16,encoder15,0,1,7,8,J3,6,9,1,7,24
16,17,encoder16,25,2,0,8,J4,7,10,2,0,3
17,18,encoder17,50,2,1,8,J4,7,10,2,1,6
18,19,encoder18,75,2,2,8,J4,7,10,2,2,9
19,20,encoder19,100,2,3,8,J4,7,10,2,3,12
20,21,encoder20,125,2,4,8,J4,7,10,2,4,15
21,22,encoder21,150,2,5,8,J4,7,10,2,5,18
22,23,encoder22,175,2,6,8,J4,7,10,2,6,21
23,24,encoder23,200,2,7,8,J4,7,10,2,7,24
24,25,encoder24,225,3,0,7,J5,8,11,3,0,3
25,26,encoder25,250,3,1,7,J5,8,11,3,1,6
26,27,encoder26,275,3,2,7,J5,8,11,3,2,9
27,28,encoder27,300,3,3,7,J5,8,11,3,3,12
28,29,encoder28,325,3,4,7,J5,8,11,3,4,15
29,30,encoder29,350,3,5,7,J5,8,11,3,5,18
30,31,encoder30,375,3,6,7,J5,8,11,3,6,21
