j,bank,slot,cad,serial,sign_checked,raw_reference,reference_angle_deg,zero_rad,lut_id,operator,date
0,0,0,01,,,,,,,,
1,0,1,02,,,,,,,,
2,0,2,03,,,,,,,,
3,0,3,04,,,,,,,,
4,0,4,05,,,,,,,,
5,0,5,06,,,,,,,,
6,0,6,07,,,,,,,,
7,0,7,08,,,,,,,,
8,1,0,09,,,,,,,,
9,1,1,10,,,,,,,,
10,1,2,11,,,,,,,,
11,1,3,12,,,,,,,,
12,1,4,13,,,,,,,,
13,1,5,14,,,,,,,,
14,1,6,15,,,,,,,,
15,1,7,16,,,,,,,,
16,2,0,17,,,,,,,,
17,2,1,18,,,,,,,,
18,2,2,19,,,,,,,,
19,2,3,20,,,,,,,,
20,2,4,21,,,,,,,,
21,2,5,22,,,,,,,,
22,2,6,23,,,,,,,,
23,2,7,24,,,,,,,,
24,3,0,25,,,,,,,,
25,3,1,26,,,,,,,,
26,3,2,27,,,,,,,,
27,3,3,28,,,,,,,,
28,3,4,29,,,,,,,,
29,3,5,30,,,,,,,,
30,3,6,31,,,,,,,,
