label,from,signal,to,note
G0-E00-P1,encoder00.J1.1,SENS_3V3,carrier.J2.1,"4 common conductors; data is daisy-chained, not parallel"
G0-E00-P2,encoder00.J1.2,GND,carrier.J2.2,"4 common conductors; data is daisy-chained, not parallel"
G0-E00-P3,encoder00.J1.3,CSn,carrier.J2.3,"4 common conductors; data is daisy-chained, not parallel"
G0-E00-P4,encoder00.J1.4,SCK,carrier.J2.4,"4 common conductors; data is daisy-chained, not parallel"
G0-E00-P5,encoder00.J1.5,DIN,carrier.J2.5,"4 common conductors; data is daisy-chained, not parallel"
G0-E00-P6,encoder00.J1.6,DOUT,encoder01.J1.5,"4 common conductors; data is daisy-chained, not parallel"
G0-E01-P1,encoder01.J1.1,SENS_3V3,carrier.J2.1,"4 common conductors; data is daisy-chained, not parallel"
G0-E01-P2,encoder01.J1.2,GND,carrier.J2.2,"4 common conductors; data is daisy-chained, not parallel"
G0-E01-P3,encoder01.J1.3,CSn,carrier.J2.3,"4 common conductors; data is daisy-chained, not parallel"
G0-E01-P4,encoder01.J1.4,SCK,carrier.J2.4,"4 common conductors; data is daisy-chained, not parallel"
G0-E01-P5,encoder01.J1.5,DIN,encoder00.J1.6,"4 common conductors; data is daisy-chained, not parallel"
G0-E01-P6,encoder01.J1.6,DOUT,encoder02.J1.5,"4 common conductors; data is daisy-chained, not parallel"
G0-E02-P1,encoder02.J1.1,SENS_3V3,carrier.J2.1,"4 common conductors; data is daisy-chained, not parallel"
G0-E02-P2,encoder02.J1.2,GND,carrier.J2.2,"4 common conductors; data is daisy-chained, not parallel"
G0-E02-P3,encoder02.J1.3,CSn,carrier.J2.3,"4 common conductors; data is daisy-chained, not parallel"
G0-E02-P4,encoder02.J1.4,SCK,carrier.J2.4,"4 common conductors; data is daisy-chained, not parallel"
G0-E02-P5,encoder02.J1.5,DIN,encoder01.J1.6,"4 common conductors; data is daisy-chained, not parallel"
G0-E02-P6,encoder02.J1.6,DOUT,encoder03.J1.5,"4 common conductors; data is daisy-chained, not parallel"
G0-E03-P1,encoder03.J1.1,SENS_3V3,carrier.J2.1,"4 common conductors; data is daisy-chained, not parallel"
G0-E03-P2,encoder03.J1.2,GND,carrier.J2.2,"4 common conductors; data is daisy-chained, not parallel"
G0-E03-P3,encoder03.J1.3,CSn,carrier.J2.3,"4 common conductors; data is daisy-chained, not parallel"
G0-E03-P4,encoder03.J1.4,SCK,carrier.J2.4,"4 common conductors; data is daisy-chained, not parallel"
G0-E03-P5,encoder03.J1.5,DIN,encoder02.J1.6,"4 common conductors; data is daisy-chained, not parallel"
G0-E03-P6,encoder03.J1.6,DOUT,encoder04.J1.5,"4 common conductors; data is daisy-chained, not parallel"
G0-E04-P1,encoder04.J1.1,SENS_3V3,carrier.J2.1,"4 common conductors; data is daisy-chained, not parallel"
G0-E04-P2,encoder04.J1.2,GND,carrier.J2.2,"4 common conductors; data is daisy-chained, not parallel"
G0-E04-P3,encoder04.J1.3,CSn,carrier.J2.3,"4 common conductors; data is daisy-chained, not parallel"
G0-E04-P4,encoder04.J1.4,SCK,carrier.J2.4,"4 common conductors; data is daisy-chained, not parallel"
G0-E04-P5,encoder04.J1.5,DIN,encoder03.J1.6,"4 common conductors; data is daisy-chained, not parallel"
G0-E04-P6,encoder04.J1.6,DOUT,encoder05.J1.5,"4 common conductors; data is daisy-chained, not parallel"
G0-E05-P1,encoder05.J1.1,SENS_3V3,carrier.J2.1,"4 common conductors; data is daisy-chained, not parallel"
G0-E05-P2,encoder05.J1.2,GND,carrier.J2.2,"4 common conductors; data is daisy-chained, not parallel"
G0-E05-P3,encoder05.J1.3,CSn,carrier.J2.3,"4 common conductors; data is daisy-chained, not parallel"
G0-E05-P4,encoder05.J1.4,SCK,carrier.J2.4,"4 common conductors; data is daisy-chained, not parallel"
G0-E05-P5,encoder05.J1.5,DIN,encoder04.J1.6,"4 common conductors; data is daisy-chained, not parallel"
G0-E05-P6,encoder05.J1.6,DOUT,encoder06.J1.5,"4 common conductors; data is daisy-chained, not parallel"
G0-E06-P1,encoder06.J1.1,SENS_3V3,carrier.J2.1,"4 common conductors; data is daisy-chained, not parallel"
G0-E06-P2,encoder06.J1.2,GND,carrier.J2.2,"4 common conductors; data is daisy-chained, not parallel"
G0-E06-P3,encoder06.J1.3,CSn,carrier.J2.3,"4 common conductors; data is daisy-chained, not parallel"
G0-E06-P4,encoder06.J1.4,SCK,carrier.J2.4,"4 common conductors; data is daisy-chained, not parallel"
G0-E06-P5,encoder06.J1.5,DIN,encoder05.J1.6,"4 common conductors; data is daisy-chained, not parallel"
G0-E06-P6,encoder06.J1.6,DOUT,encoder07.J1.5,"4 common conductors; data is daisy-chained, not parallel"
G0-E07-P1,encoder07.J1.1,SENS_3V3,carrier.J2.1,"4 common conductors; data is daisy-chained, not parallel"
G0-E07-P2,encoder07.J1.2,GND,carrier.J2.2,"4 common conductors; data is daisy-chained, not parallel"
G0-E07-P3,encoder07.J1.3,CSn,carrier.J2.3,"4 common conductors; data is daisy-chained, not parallel"
G0-E07-P4,encoder07.J1.4,SCK,carrier.J2.4,"4 common conductors; data is daisy-chained, not parallel"
G0-E07-P5,encoder07.J1.5,DIN,encoder06.J1.6,"4 common conductors; data is daisy-chained, not parallel"
G0-E07-P6,encoder07.J1.6,DOUT,carrier.J2.6,"4 common conductors; data is daisy-chained, not parallel"
G1-E08-P1,encoder08.J1.1,SENS_3V3,carrier.J3.1,"4 common conductors; data is daisy-chained, not parallel"
G1-E08-P2,encoder08.J1.2,GND,carrier.J3.2,"4 common conductors; data is daisy-chained, not parallel"
G1-E08-P3,encoder08.J1.3,CSn,carrier.J3.3,"4 common conductors; data is daisy-chained, not parallel"
G1-E08-P4,encoder08.J1.4,SCK,carrier.J3.4,"4 common conductors; data is daisy-chained, not parallel"
G1-E08-P5,encoder08.J1.5,DIN,carrier.J3.5,"4 common conductors; data is daisy-chained, not parallel"
G1-E08-P6,encoder08.J1.6,DOUT,encoder09.J1.5,"4 common conductors; data is daisy-chained, not parallel"
G1-E09-P1,encoder09.J1.1,SENS_3V3,carrier.J3.1,"4 common conductors; data is daisy-chained, not parallel"
G1-E09-P2,encoder09.J1.2,GND,carrier.J3.2,"4 common conductors; data is daisy-chained, not parallel"
G1-E09-P3,encoder09.J1.3,CSn,carrier.J3.3,"4 common conductors; data is daisy-chained, not parallel"
G1-E09-P4,encoder09.J1.4,SCK,carrier.J3.4,"4 common conductors; data is daisy-chained, not parallel"
G1-E09-P5,encoder09.J1.5,DIN,encoder08.J1.6,"4 common conductors; data is daisy-chained, not parallel"
G1-E09-P6,encoder09.J1.6,DOUT,encoder10.J1.5,"4 common conductors; data is daisy-chained, not parallel"
G1-E10-P1,encoder10.J1.1,SENS_3V3,carrier.J3.1,"4 common conductors; data is daisy-chained, not parallel"
G1-E10-P2,encoder10.J1.2,GND,carrier.J3.2,"4 common conductors; data is daisy-chained, not parallel"
G1-E10-P3,encoder10.J1.3,CSn,carrier.J3.3,"4 common conductors; data is daisy-chained, not parallel"
G1-E10-P4,encoder10.J1.4,SCK,carrier.J3.4,"4 common conductors; data is daisy-chained, not parallel"
G1-E10-P5,encoder10.J1.5,DIN,encoder09.J1.6,"4 common conductors; data is daisy-chained, not parallel"
G1-E10-P6,encoder10.J1.6,DOUT,encoder11.J1.5,"4 common conductors; data is daisy-chained, not parallel"
G1-E11-P1,encoder11.J1.1,SENS_3V3,carrier.J3.1,"4 common conductors; data is daisy-chained, not parallel"
G1-E11-P2,encoder11.J1.2,GND,carrier.J3.2,"4 common conductors; data is daisy-chained, not parallel"
G1-E11-P3,encoder11.J1.3,CSn,carrier.J3.3,"4 common conductors; data is daisy-chained, not parallel"
G1-E11-P4,encoder11.J1.4,SCK,carrier.J3.4,"4 common conductors; data is daisy-chained, not parallel"
G1-E11-P5,encoder11.J1.5,DIN,encoder10.J1.6,"4 common conductors; data is daisy-chained, not parallel"
G1-E11-P6,encoder11.J1.6,DOUT,encoder12.J1.5,"4 common conductors; data is daisy-chained, not parallel"
G1-E12-P1,encoder12.J1.1,SENS_3V3,carrier.J3.1,"4 common conductors; data is daisy-chained, not parallel"
G1-E12-P2,encoder12.J1.2,GND,carrier.J3.2,"4 common conductors; data is daisy-chained, not parallel"
G1-E12-P3,encoder12.J1.3,CSn,carrier.J3.3,"4 common conductors; data is daisy-chained, not parallel"
G1-E12-P4,encoder12.J1.4,SCK,carrier.J3.4,"4 common conductors; data is daisy-chained, not parallel"
G1-E12-P5,encoder12.J1.5,DIN,encoder11.J1.6,"4 common conductors; data is daisy-chained, not parallel"
G1-E12-P6,encoder12.J1.6,DOUT,encoder13.J1.5,"4 common conductors; data is daisy-chained, not parallel"
G1-E13-P1,encoder13.J1.1,SENS_3V3,carrier.J3.1,"4 common conductors; data is daisy-chained, not parallel"
G1-E13-P2,encoder13.J1.2,GND,carrier.J3.2,"4 common conductors; data is daisy-chained, not parallel"
G1-E13-P3,encoder13.J1.3,CSn,carrier.J3.3,"4 common conductors; data is daisy-chained, not parallel"
G1-E13-P4,encoder13.J1.4,SCK,carrier.J3.4,"4 common conductors; data is daisy-chained, not parallel"
G1-E13-P5,encoder13.J1.5,DIN,encoder12.J1.6,"4 common conductors; data is daisy-chained, not parallel"
G1-E13-P6,encoder13.J1.6,DOUT,encoder14.J1.5,"4 common conductors; data is daisy-chained, not parallel"
G1-E14-P1,encoder14.J1.1,SENS_3V3,carrier.J3.1,"4 common conductors; data is daisy-chained, not parallel"
G1-E14-P2,encoder14.J1.2,GND,carrier.J3.2,"4 common conductors; data is daisy-chained, not parallel"
G1-E14-P3,encoder14.J1.3,CSn,carrier.J3.3,"4 common conductors; data is daisy-chained, not parallel"
G1-E14-P4,encoder14.J1.4,SCK,carrier.J3.4,"4 common conductors; data is daisy-chained, not parallel"
G1-E14-P5,encoder14.J1.5,DIN,encoder13.J1.6,"4 common conductors; data is daisy-chained, not parallel"
G1-E14-P6,encoder14.J1.6,DOUT,encoder15.J1.5,"4 common conductors; data is daisy-chained, not parallel"
G1-E15-P1,encoder15.J1.1,SENS_3V3,carrier.J3.1,"4 common conductors; data is daisy-chained, not parallel"
G1-E15-P2,encoder15.J1.2,GND,carrier.J3.2,"4 common conductors; data is daisy-chained, not parallel"
G1-E15-P3,encoder15.J1.3,CSn,carrier.J3.3,"4 common conductors; data is daisy-chained, not parallel"
G1-E15-P4,encoder15.J1.4,SCK,carrier.J3.4,"4 common conductors; data is daisy-chained, not parallel"
G1-E15-P5,encoder15.J1.5,DIN,encoder14.J1.6,"4 common conductors; data is daisy-chained, not parallel"
G1-E15-P6,encoder15.J1.6,DOUT,carrier.J3.6,"4 common conductors; data is daisy-chained, not parallel"
G2-E16-P1,encoder16.J1.1,SENS_3V3,carrier.J4.1,"4 common conductors; data is daisy-chained, not parallel"
G2-E16-P2,encoder16.J1.2,GND,carrier.J4.2,"4 common conductors; data is daisy-chained, not parallel"
G2-E16-P3,encoder16.J1.3,CSn,carrier.J4.3,"4 common conductors; data is daisy-chained, not parallel"
G2-E16-P4,encoder16.J1.4,SCK,carrier.J4.4,"4 common conductors; data is daisy-chained, not parallel"
G2-E16-P5,encoder16.J1.5,DIN,carrier.J4.5,"4 common conductors; data is daisy-chained, not parallel"
G2-E16-P6,encoder16.J1.6,DOUT,encoder17.J1.5,"4 common conductors; data is daisy-chained, not parallel"
G2-E17-P1,encoder17.J1.1,SENS_3V3,carrier.J4.1,"4 common conductors; data is daisy-chained, not parallel"
G2-E17-P2,encoder17.J1.2,GND,carrier.J4.2,"4 common conductors; data is daisy-chained, not parallel"
G2-E17-P3,encoder17.J1.3,CSn,carrier.J4.3,"4 common conductors; data is daisy-chained, not parallel"
G2-E17-P4,encoder17.J1.4,SCK,carrier.J4.4,"4 common conductors; data is daisy-chained, not parallel"
G2-E17-P5,encoder17.J1.5,DIN,encoder16.J1.6,"4 common conductors; data is daisy-chained, not parallel"
G2-E17-P6,encoder17.J1.6,DOUT,encoder18.J1.5,"4 common conductors; data is daisy-chained, not parallel"
G2-E18-P1,encoder18.J1.1,SENS_3V3,carrier.J4.1,"4 common conductors; data is daisy-chained, not parallel"
G2-E18-P2,encoder18.J1.2,GND,carrier.J4.2,"4 common conductors; data is daisy-chained, not parallel"
G2-E18-P3,encoder18.J1.3,CSn,carrier.J4.3,"4 common conductors; data is daisy-chained, not parallel"
G2-E18-P4,encoder18.J1.4,SCK,carrier.J4.4,"4 common conductors; data is daisy-chained, not parallel"
G2-E18-P5,encoder18.J1.5,DIN,encoder17.J1.6,"4 common conductors; data is daisy-chained, not parallel"
G2-E18-P6,encoder18.J1.6,DOUT,encoder19.J1.5,"4 common conductors; data is daisy-chained, not parallel"
G2-E19-P1,encoder19.J1.1,SENS_3V3,carrier.J4.1,"4 common conductors; data is daisy-chained, not parallel"
G2-E19-P2,encoder19.J1.2,GND,carrier.J4.2,"4 common conductors; data is daisy-chained, not parallel"
G2-E19-P3,encoder19.J1.3,CSn,carrier.J4.3,"4 common conductors; data is daisy-chained, not parallel"
G2-E19-P4,encoder19.J1.4,SCK,carrier.J4.4,"4 common conductors; data is daisy-chained, not parallel"
G2-E19-P5,encoder19.J1.5,DIN,encoder18.J1.6,"4 common conductors; data is daisy-chained, not parallel"
G2-E19-P6,encoder19.J1.6,DOUT,encoder20.J1.5,"4 common conductors; data is daisy-chained, not parallel"
G2-E20-P1,encoder20.J1.1,SENS_3V3,carrier.J4.1,"4 common conductors; data is daisy-chained, not parallel"
G2-E20-P2,encoder20.J1.2,GND,carrier.J4.2,"4 common conductors; data is daisy-chained, not parallel"
G2-E20-P3,encoder20.J1.3,CSn,carrier.J4.3,"4 common conductors; data is daisy-chained, not parallel"
G2-E20-P4,encoder20.J1.4,SCK,carrier.J4.4,"4 common conductors; data is daisy-chained, not parallel"
G2-E20-P5,encoder20.J1.5,DIN,encoder19.J1.6,"4 common conductors; data is daisy-chained, not parallel"
G2-E20-P6,encoder20.J1.6,DOUT,encoder21.J1.5,"4 common conductors; data is daisy-chained, not parallel"
G2-E21-P1,encoder21.J1.1,SENS_3V3,carrier.J4.1,"4 common conductors; data is daisy-chained, not parallel"
G2-E21-P2,encoder21.J1.2,GND,carrier.J4.2,"4 common conductors; data is daisy-chained, not parallel"
G2-E21-P3,encoder21.J1.3,CSn,carrier.J4.3,"4 common conductors; data is daisy-chained, not parallel"
G2-E21-P4,encoder21.J1.4,SCK,carrier.J4.4,"4 common conductors; data is daisy-chained, not parallel"
G2-E21-P5,encoder21.J1.5,DIN,encoder20.J1.6,"4 common conductors; data is daisy-chained, not parallel"
G2-E21-P6,encoder21.J1.6,DOUT,encoder22.J1.5,"4 common conductors; data is daisy-chained, not parallel"
G2-E22-P1,encoder22.J1.1,SENS_3V3,carrier.J4.1,"4 common conductors; data is daisy-chained, not parallel"
G2-E22-P2,encoder22.J1.2,GND,carrier.J4.2,"4 common conductors; data is daisy-chained, not parallel"
G2-E22-P3,encoder22.J1.3,CSn,carrier.J4.3,"4 common conductors; data is daisy-chained, not parallel"
G2-E22-P4,encoder22.J1.4,SCK,carrier.J4.4,"4 common conductors; data is daisy-chained, not parallel"
G2-E22-P5,encoder22.J1.5,DIN,encoder21.J1.6,"4 common conductors; data is daisy-chained, not parallel"
G2-E22-P6,encoder22.J1.6,DOUT,encoder23.J1.5,"4 common conductors; data is daisy-chained, not parallel"
G2-E23-P1,encoder23.J1.1,SENS_3V3,carrier.J4.1,"4 common conductors; data is daisy-chained, not parallel"
G2-E23-P2,encoder23.J1.2,GND,carrier.J4.2,"4 common conductors; data is daisy-chained, not parallel"
G2-E23-P3,encoder23.J1.3,CSn,carrier.J4.3,"4 common conductors; data is daisy-chained, not parallel"
G2-E23-P4,encoder23.J1.4,SCK,carrier.J4.4,"4 common conductors; data is daisy-chained, not parallel"
G2-E23-P5,encoder23.J1.5,DIN,encoder22.J1.6,"4 common conductors; data is daisy-chained, not parallel"
G2-E23-P6,encoder23.J1.6,DOUT,carrier.J4.6,"4 common conductors; data is daisy-chained, not parallel"
G3-E24-P1,encoder24.J1.1,SENS_3V3,carrier.J5.1,"4 common conductors; data is daisy-chained, not parallel"
G3-E24-P2,encoder24.J1.2,GND,carrier.J5.2,"4 common conductors; data is daisy-chained, not parallel"
G3-E24-P3,encoder24.J1.3,CSn,carrier.J5.3,"4 common conductors; data is daisy-chained, not parallel"
G3-E24-P4,encoder24.J1.4,SCK,carrier.J5.4,"4 common conductors; data is daisy-chained, not parallel"
G3-E24-P5,encoder24.J1.5,DIN,carrier.J5.5,"4 common conductors; data is daisy-chained, not parallel"
G3-E24-P6,encoder24.J1.6,DOUT,encoder25.J1.5,"4 common conductors; data is daisy-chained, not parallel"
G3-E25-P1,encoder25.J1.1,SENS_3V3,carrier.J5.1,"4 common conductors; data is daisy-chained, not parallel"
G3-E25-P2,encoder25.J1.2,GND,carrier.J5.2,"4 common conductors; data is daisy-chained, not parallel"
G3-E25-P3,encoder25.J1.3,CSn,carrier.J5.3,"4 common conductors; data is daisy-chained, not parallel"
G3-E25-P4,encoder25.J1.4,SCK,carrier.J5.4,"4 common conductors; data is daisy-chained, not parallel"
G3-E25-P5,encoder25.J1.5,DIN,encoder24.J1.6,"4 common conductors; data is daisy-chained, not parallel"
G3-E25-P6,encoder25.J1.6,DOUT,encoder26.J1.5,"4 common conductors; data is daisy-chained, not parallel"
G3-E26-P1,encoder26.J1.1,SENS_3V3,carrier.J5.1,"4 common conductors; data is daisy-chained, not parallel"
G3-E26-P2,encoder26.J1.2,GND,carrier.J5.2,"4 common conductors; data is daisy-chained, not parallel"
G3-E26-P3,encoder26.J1.3,CSn,carrier.J5.3,"4 common conductors; data is daisy-chained, not parallel"
G3-E26-P4,encoder26.J1.4,SCK,carrier.J5.4,"4 common conductors; data is daisy-chained, not parallel"
G3-E26-P5,encoder26.J1.5,DIN,encoder25.J1.6,"4 common conductors; data is daisy-chained, not parallel"
G3-E26-P6,encoder26.J1.6,DOUT,encoder27.J1.5,"4 common conductors; data is daisy-chained, not parallel"
G3-E27-P1,encoder27.J1.1,SENS_3V3,carrier.J5.1,"4 common conductors; data is daisy-chained, not parallel"
G3-E27-P2,encoder27.J1.2,GND,carrier.J5.2,"4 common conductors; data is daisy-chained, not parallel"
G3-E27-P3,encoder27.J1.3,CSn,carrier.J5.3,"4 common conductors; data is daisy-chained, not parallel"
G3-E27-P4,encoder27.J1.4,SCK,carrier.J5.4,"4 common conductors; data is daisy-chained, not parallel"
G3-E27-P5,encoder27.J1.5,DIN,encoder26.J1.6,"4 common conductors; data is daisy-chained, not parallel"
G3-E27-P6,encoder27.J1.6,DOUT,encoder28.J1.5,"4 common conductors; data is daisy-chained, not parallel"
G3-E28-P1,encoder28.J1.1,SENS_3V3,carrier.J5.1,"4 common conductors; data is daisy-chained, not parallel"
G3-E28-P2,encoder28.J1.2,GND,carrier.J5.2,"4 common conductors; data is daisy-chained, not parallel"
G3-E28-P3,encoder28.J1.3,CSn,carrier.J5.3,"4 common conductors; data is daisy-chained, not parallel"
G3-E28-P4,encoder28.J1.4,SCK,carrier.J5.4,"4 common conductors; data is daisy-chained, not parallel"
G3-E28-P5,encoder28.J1.5,DIN,encoder27.J1.6,"4 common conductors; data is daisy-chained, not parallel"
G3-E28-P6,encoder28.J1.6,DOUT,encoder29.J1.5,"4 common conductors; data is daisy-chained, not parallel"
G3-E29-P1,encoder29.J1.1,SENS_3V3,carrier.J5.1,"4 common conductors; data is daisy-chained, not parallel"
G3-E29-P2,encoder29.J1.2,GND,carrier.J5.2,"4 common conductors; data is daisy-chained, not parallel"
G3-E29-P3,encoder29.J1.3,CSn,carrier.J5.3,"4 common conductors; data is daisy-chained, not parallel"
G3-E29-P4,encoder29.J1.4,SCK,carrier.J5.4,"4 common conductors; data is daisy-chained, not parallel"
G3-E29-P5,encoder29.J1.5,DIN,encoder28.J1.6,"4 common conductors; data is daisy-chained, not parallel"
G3-E29-P6,encoder29.J1.6,DOUT,encoder30.J1.5,"4 common conductors; data is daisy-chained, not parallel"
G3-E30-P1,encoder30.J1.1,SENS_3V3,carrier.J5.1,"4 common conductors; data is daisy-chained, not parallel"
G3-E30-P2,encoder30.J1.2,GND,carrier.J5.2,"4 common conductors; data is daisy-chained, not parallel"
G3-E30-P3,encoder30.J1.3,CSn,carrier.J5.3,"4 common conductors; data is daisy-chained, not parallel"
G3-E30-P4,encoder30.J1.4,SCK,carrier.J5.4,"4 common conductors; data is daisy-chained, not parallel"
G3-E30-P5,encoder30.J1.5,DIN,encoder29.J1.6,"4 common conductors; data is daisy-chained, not parallel"
G3-E30-P6,encoder30.J1.6,DOUT,carrier.J5.6,"4 common conductors; data is daisy-chained, not parallel"
