reference,pin,net,pin_type
U1,1,A0,passive
U1,2,A1,passive
U1,3,A2,passive
U1,4,A3,passive
U1,5,A4,passive
U1,6,A5,passive
U1,7,A6,passive
U1,8,A7,passive
U1,9,GND,power_in
U1,10,ADC_CS,input
U1,11,ADC_MOSI,input
U1,12,ADC_OUT_RAW,tri_state
U1,13,ADC_SCK,input
U1,14,GND,power_in
U1,15,SENS_3V3,power_in
U1,16,SENS_3V3,power_in
J1,1,SENS_3V3,power_out
J1,2,GND,power_out
J1,3,ADC_SCK,output
J1,4,ADC_MOSI,output
J1,5,ADC_MISO,input
J1,6,ADC_CS,output
J2,1,SENS_3V3,passive
J2,2,GND,passive
J2,3,A0,passive
J2,4,SENS_3V3,passive
J2,5,GND,passive
J2,6,A1,passive
J2,7,SENS_3V3,passive
J2,8,GND,passive
J2,9,A2,passive
J2,10,SENS_3V3,passive
J2,11,GND,passive
J2,12,A3,passive
J2,13,SENS_3V3,passive
J2,14,GND,passive
J2,15,A4,passive
J2,16,SENS_3V3,passive
J2,17,GND,passive
J2,18,A5,passive
J2,19,SENS_3V3,passive
J2,20,GND,passive
J2,21,A6,passive
J2,22,SENS_3V3,passive
J2,23,GND,passive
J2,24,IN7,passive
C1,1,SENS_3V3,passive
C1,2,GND,passive
C2,1,SENS_3V3,passive
C2,2,GND,passive
U2,1,ADC_CS,input
U2,2,ADC_OUT_RAW,input
U2,3,GND,power_in
U2,4,ADC_MISO,tri_state
U2,5,SENS_3V3,power_in
C3,1,SENS_3V3,passive
C3,2,GND,passive
R1,1,A0,passive
R1,2,GND,passive
R2,1,A1,passive
R2,2,GND,passive
R3,1,A2,passive
R3,2,GND,passive
R4,1,A3,passive
R4,2,GND,passive
R5,1,A4,passive
R5,2,GND,passive
R6,1,A5,passive
R6,2,GND,passive
R7,1,A6,passive
R7,2,GND,passive
R8,1,A7,passive
R8,2,GND,passive
R9,1,SENS_3V3,passive
R9,2,MID,passive
R10,1,MID,passive
R10,2,GND,passive
JP1,1,IN7,passive
JP1,2,A7,passive
JP1,3,MID,passive
